Latitude_x,Longitude_x,LatLon,Latitude_y,Longitude_y,New Station ID,Station Name,Station Type,City ,State,Building Footprint,BF as % of Total,Highway,Presence of a highway,Trunk Road,Primary Road,Presence of Primary Road,Average closeness centrality,Number of Intersections,Avg intersection 30 or more,Number of Street Segments,Average street segment length,Avg streetsegment 100 m or less,Secondary Road,Tertiary Road,Residential Road,Road as % of total area,Ratio of Residential Roads to non-residential roads,Number of sidewalks and footpaths,Sidewalks>100,Railway,Parking Lot,Parking as % of total,Building-Parkng Ratio,Residential Area,Commercial Area,Retail Area,Industrial Area,Railway Area,Cemetery,Woodland,Park,Recreation,Water,NF as % of total,Education,Health Care,amenity=community_centre,amenity=library,tourism=museum,amenity=theatre,amenity=cinema,amenity=nightclub,leisure=bowling_alley,amenity=pharmacy,amenity=hospital,amenity=clinic,amenity=doctors,amenity=dentist,shop=supermarket,shop=clothes,shop=fashion,Total ,2020 Median home value (2021 ACS Block Groups),2010 Median Home Value,2020 Population (2020 Census Blocks),2010 Population (2010 Census Blocks),Pop Change,2020 Housing Units (2020 Census Blocks),2010 Housing Units (2010 Census Blocks),Housing Change,Pop Category,Housing Category,Combined,2020 Census White Pop,2020 Census POC Pop,2020 Census % White,2020 Census % POC,2010 Census White Pop,2010 Census POC Pop,2010 Census % White,2010 Census % POC,% Change White 2020-2010,% Change POC 2020-2010
38.88587,-76.8968,38.88587--76.8968,38.8858696,-76.8968022,8798,Addison Road-Seat Pleasant,At-Grade Fixed Guideway Station,Capitol Heights,MD,"82,483",0.16,0,0,0,"5,642",1,0.17,32,1,64,132,0,"3,061",0,"60,709",0.13,11.63,62,0,0,"248,609",0.49,1.01,"81,100","187,374","403,369",0,0,0,0,0,0,845,0,"91,981",0,0,0,0,0,0,0,0,1,0,0,0,1,1,1,0,4,"$280,480",,1524,1469,3.6%,520,525,-1.0%,Static,Static,Static,52,1472,3.4%,96.6%,36,1433,2.5%,98%,1.0%,-1.0%
38.86214,-76.99523,38.86214--76.99523,38.8621414,-76.9952263,8828,Anacostia,Underground Fixed Guideway Station,Washington,DC,"111,308",0.22,"41,687",1,0,"825,255",1,0.18,35,1,77,105,0,0,"17,816","26,517",0.11,0.94,168,1,"88,117","95,952",0.19,2.71,"48,797","18,706","83,943",0,0,0,0,"21,295","1,797",0,0.05,0,0,0,0,0,0,0,0,0,1,0,1,0,0,1,0,0,3,"$305,700",,1487,1564,-5.2%,736,649,11.8%,Static,Dynamic,,47,1440,3.2%,96.8%,14,1550,0.9%,99%,2.3%,-2.3%
38.89457,-77.02253,38.89457--77.02253,38.8945661,-77.0225318,8802,Archives-Navy Memorial-Penn Quarter,Underground Fixed Guideway Station,Washington,DC,"334,644",0.66,0,0,9,"1,274",1,0.27,18,0,33,144,0,"3,503","15,831","30,760",0.1,1.59,8,0,"85,062","39,961",0.08,3.55,"1,156,940","310,706",0,0,0,0,0,"147,931","76,526",0,0.44,"127,004",0,0,0,0,0,0,0,0,0,0,0,0,0,0,0,0,0,"$551,925",,2107,1739,17.5%,1819,1672,8.1%,Dynamic ,Static,,1376,731,65.3%,34.7%,1279,460,73.5%,26%,-8.2%,8.2%
38.87895,-77.0741,38.87895--77.0741,38.8789523,-77.0741039,8778,Arlington Cemetary,At-Grade Fixed Guideway Station,Arlington,VA,"4,715",0.01,0,0,0,0,0,#REF!,#REF!,0,#REF!,#REF!,N/A,0,0,0,0,0,0,0,0,"9,527",0.02,0.49,0,0,0,0,0,"19,994","162,131",0,0,0,0.36,0,0,0,0,0,1,0,0,0,0,0,0,0,0,0,0,0,1,$0,,1,0,0.0%,1,0,0.0%,Static,Static,Static,0,1,0.0%,0.0%,0,0,0.0%,0%,0.0%,0.0%
38.88196,-77.11148,38.88196--77.11148,38.8819639,-77.1114771,8795,Ballston-MU,Underground Fixed Guideway Station,Arlington,VA,"269,072",0.53,0,0,0,"16,091",1,0.16,68,1,141,87,1,789,"1,695",0,0.01,0,225,1,0,"7,481",0.01,57.12,0,"12,131",0,0,0,0,0,"25,887",0,476,0.05,0,0,0,0,1,0,0,1,0,1,0,0,0,1,0,1,0,5,"$604,450",,9381,8283,11.7%,6619,5504,16.8%,Dynamic ,Dynamic,Dynamic,6383,2998,68.0%,32.0%,6409,1874,77.4%,23%,-9.3%,9.3%
38.89039,-76.93745,38.89039--76.93745,38.8903895,-76.9374473,8796,Benning Road,Underground Fixed Guideway Station,Washington,DC,"149,168",0.29,0,0,0,"18,253",1,0.16,50,1,116,101,0,0,"36,359","4,013",0.24,0.07,56,0,0,"187,642",0.37,1.84,0,"119,546","592,734",0,0,0,"7,913",0,0,0,0.02,0,857,0,0,1,0,1,0,0,0,0,1,0,1,0,1,0,5,"$352,383",,4832,3873,19.8%,2409,2090,13.2%,Dynamic ,Dynamic,Dynamic,107,4725,2.2%,97.8%,24,3849,0.6%,99%,1.6%,-1.6%
38.9844,-77.09584,38.9844--77.09584,38.9843951,-77.0958437,8809,Bethesda,Underground Fixed Guideway Station,Bethesda,MD,"360,190",0.71,0,0,0,"11,077",1,0.17,43,1,90,106,0,235,"7,737","4,976",0.03,0.62,88,0,0,"34,647",0.07,9.06,0,0,"32,246",0,0,0,0,"28,872","16,371",40,0.09,"5,819",0,1,0,0,1,0,1,0,1,0,0,1,0,1,1,0,7,"$894,783",,4152,2829,31.9%,2786,2054,26.3%,Dynamic ,Dynamic,Dynamic,2649,1503,63.8%,36.2%,1990,839,70.3%,30%,-6.5%,6.5%
38.81402,-77.05378,38.81402--77.05378,38.8140201,-77.0537762,8803,Braddock Road,At-Grade Fixed Guideway Station,Alexandria,VA,"141,741",0.28,0,0,269,0,0,0.16,39,1,90,99,1,"152,659","10,035","104,734",0.59,0.53,171,1,0,"41,420",0.08,6.43,"464,093","133,077","107,219","3,320",0,0,0,"17,663","1,573",0,0.04,"51,746",0,0,0,0,0,0,0,0,1,0,1,0,1,1,1,0,5,"$686,850",,4250,2534,40.4%,2538,1398,44.9%,Dynamic ,Dynamic,Dynamic,2923,1327,68.8%,31.2%,1611,923,63.6%,36%,5.2%,-5.2%
38.82701,-76.91243,38.82701--76.91243,38.8270076,-76.9124321,8841,Branch Avenue,At-Grade Fixed Guideway Station,Suitland,MD,"91,891",0.18,0,0,0,0,0,0.25,14,0,24,59,1,"6,386",814,"39,835",0.09,5.53,15,0,"80,767","19,425",0.04,5.7,0,0,0,0,0,0,"15,403","47,260",0,0,0.12,"66,379",0,0,0,0,0,0,0,0,0,0,0,0,0,0,0,0,0,"$261,200",,2898,769,73.5%,1809,558,69.2%,Dynamic ,Dynamic,Dynamic,233,2665,8.0%,92.0%,90,679,11.7%,88%,-3.7%,3.7%
38.93384,-76.99454,38.93384--76.99454,38.9338411,-76.9945431,8783,Brookland CUA,At-Grade Fixed Guideway Station,Washington,DC,"175,303",0.34,0,0,0,"1,786",1,0.21,30,1,79,99,1,453,"21,934","13,714",0.08,0.59,132,1,"9,306","13,775",0.03,17.25,0,0,0,0,0,0,0,"733,621",0,"2,160",1.44,0,0,0,0,1,0,1,0,0,0,0,0,1,0,0,0,0,3,"$683,325",,4306,2876,33.2%,1375,276,79.9%,Dynamic ,Dynamic,Dynamic,1729,2577,40.2%,59.8%,2154,722,74.9%,25%,-34.7%,34.7%
38.8895,-76.91435,38.8895--76.91435,38.8895034,-76.9143488,8797,Capitol Heights,Underground Fixed Guideway Station,Capitol Heights,MD,"72,996",0.14,0,0,0,"6,598",1,0.17,39,1,88,107,0,"4,593",339,"23,235",0.09,1.11,128,1,0,"39,105",0.08,6.88,"275,776","450,949","8,658",0,0,"1,365",0,"12,315","2,233",0,0.03,"6,728",0,0,1,0,0,1,0,0,1,0,1,1,1,0,0,0,6,"$305,700",,1346,1562,-16.0%,656,692,-5.5%,Dynamic ,Static,,19,1327,1.4%,98.6%,23,1539,1.5%,99%,-0.1%,0.1%
38.8852,-77.00616,38.8852--77.00616,38.8852009,-77.0061614,8769,Capitol South,Underground Fixed Guideway Station,Washington,DC,"180,043",0.35,0,0,0,"4,341",1,0.22,24,0,51,129,0,53,0,"30,946",0.06,21.73,35,0,0,"58,018",0.11,3.33,"15,294",0,0,0,0,0,"75,219",0,"1,737","1,096",0.15,0,0,0,1,0,0,0,0,0,0,0,0,0,0,0,0,0,1,"$737,150",,1408,1373,2.5%,910,908,0.2%,Static,Static,Static,1117,291,79.3%,20.7%,1068,305,77.8%,22%,1.5%,-1.5%
38.91651,-76.91681,38.91651--76.91681,38.9165116,-76.916814,8789,Cheverly,At-Grade Fixed Guideway Station,Cheverly,MD,"31,143",0.06,"2,302,775",1,0,0,0,0.36,11,0,20,132,0,44,"3,271","187,360",0.67,15.73,36,0,0,"39,700",0.08,2.41,"1,730,032",0,"10,699","23,911",0,0,"176,818","90,777","6,567",0,0.54,0,0,0,0,0,0,0,0,0,0,0,0,0,0,0,0,0,0,"$324,725",,700,702,-0.3%,281,265,5.7%,Static,Static,Static,216,484,30.9%,69.1%,177,525,25.2%,75%,5.6%,-5.6%
38.88674,-77.09569,38.88674--77.09569,38.8867351,-77.0956904,8793,Clarendon,Underground Fixed Guideway Station,Arlington,VA,"266,334",0.52,0,0,0,"33,683",1,0.14,89,1,201,83,1,"2,950","1,955",856,0.02,0.12,139,1,0,281,0,1640.94,0,"16,248",0,0,0,0,0,"12,025",0,"1,543",0.02,0,0,0,1,1,1,1,0,0,1,0,1,0,0,0,1,0,7,"$861,617",,5110,3608,29.4%,3045,2201,27.7%,Dynamic ,Dynamic,Dynamic,3721,1389,72.8%,27.2%,2859,749,79.2%,21%,-6.4%,6.4%
38.93615,-77.05902,38.93615--77.05902,38.9361528,-77.0590164,8800,Cleveland Park,Underground Fixed Guideway Station,Washington,DC,"175,317",0.34,0,0,0,"3,801",1,0.27,22,0,45,133,0,499,21,"6,491",0.02,4.6,69,0,0,"22,454",0.04,7.66,0,"294,022",0,0,0,"239,685",0,"1,192,602",0,0,2.82,"9,296",0,0,0,0,0,0,0,0,0,0,0,0,0,0,0,0,0,"$757,917",,5337,5299,0.7%,3789,3814,-0.7%,Static,Static,Static,3841,1496,72.0%,28.0%,4218,1081,79.6%,20%,-7.6%,7.6%
38.97815,-76.92912,38.97815--76.92912,38.9781496,-76.9291211,8831,College Park-U of MD,At-Grade Fixed Guideway Station,College Park,MD,"113,741",0.22,0,0,0,0,0,0.24,30,1,80,115,0,"1,451",469,"16,010",0.05,1.94,81,0,0,"40,778",0.08,5.98,"95,712","4,012",0,0,0,0,0,"139,553","3,336","1,530",0.28,0,0,0,1,0,1,0,0,0,1,0,0,0,0,1,0,0,4,"$410,867",,752,755,-0.4%,352,311,11.6%,Static,Dynamic,,513,239,68.2%,31.8%,613,142,81.2%,19%,-13.0%,13.0%
38.92861,-77.03301,38.92861--77.03301,38.9286076,-77.033013,8835,Columbia Heights,Underground Fixed Guideway Station,Washington,DC,"312,250",0.61,0,0,0,"5,313",1,0.19,22,0,44,118,0,"1,018","25,150","61,223",0.78,2.12,87,0,0,"140,816",0.28,1.19,"103,893","470,720",0,"28,253",0,0,"122,396",0,"19,122","6,101",0.28,0,0,0,0,0,1,0,0,0,0,0,0,0,0,1,0,0,2,"$596,670",,10453,9650,7.7%,5304,4683,11.7%,Static,Dynamic,,3261,7192,31.2%,68.8%,2740,6910,28.4%,72%,2.8%,-2.8%
38.84508,-76.98778,38.84508--76.98778,38.845084,-76.9877802,8837,Congress Heights,Underground Fixed Guideway Station,Washington,DC,"110,468",0.22,0,0,0,0,0,0.28,23,0,57,123,0,"1,180","2,249","19,067",0.05,3.66,38,0,"1,724,081","83,389",0.16,2.1,0,"5,640","6,147",0,0,0,"9,670","78,237","40,942",0,0.25,"56,485",0,1,0,0,1,0,0,0,1,0,0,0,1,0,0,0,4,"$329,600",,3397,2771,18.4%,1140,1029,9.7%,Dynamic ,Static,,84,3313,2.5%,97.5%,53,2718,1.9%,98%,0.6%,-0.6%
38.89156,-77.08487,38.89156--77.08487,38.8915557,-77.0848704,8792,Courthouse,Underground Fixed Guideway Station,Arlington,VA,"265,706",0.52,0,0,0,"33,830",1,0.16,56,1,132,100,1,"2,029","2,460","1,437",0.05,0.06,336,1,0,"48,639",0.1,7.53,0,"3,002","159,297",0,0,0,0,"20,836",0,145,0.04,0,0,0,0,1,1,0,1,0,1,0,1,1,0,0,1,0,7,"$719,386",,8567,7544,11.9%,5343,4597,14.0%,Dynamic ,Dynamic,Dynamic,5716,2851,66.7%,33.3%,5225,2319,69.3%,31%,-2.5%,2.5%
38.85721,-77.05189,38.85721--77.05189,38.8572075,-77.0518878,8781,Crystal City,Underground Fixed Guideway Station,Arlington,VA,"228,173",0.45,"1,259",1,426,0,0,0.40,2,0,4,97,1,"24,439","384,482","65,983",5.46,0.16,4,0,"7,641,679","29,212",0.06,1.07,"1,797,236",0,0,"383,404",0,0,"704,481","2,281",0,0,1.39,"24,778",0,0,0,0,0,0,0,0,0,0,0,0,0,0,0,0,0,"$631,000",,7423,7441,-0.2%,4944,5240,-6.0%,Static,Static,Static,3979,3444,53.6%,46.4%,5027,2414,67.6%,32%,-14.0%,14.0%
38.90762,-76.93515,38.90762--76.93515,38.907624,-76.935148,8788,Deanwood,At-Grade Fixed Guideway Station,Washington,DC,"110,733",0.22,"1,188",1,0,0,0,0.29,23,0,58,108,0,"1,225","2,313","13,037",0.04,1.65,136,1,"239,763","53,073",0.1,3.39,0,0,0,"46,700",0,0,0,"84,428","1,337",511,0.17,"18,873",0,0,1,0,0,0,0,0,0,0,0,0,1,0,0,0,2,"$410,233",,1439,1861,-29.3%,733,774,-5.6%,Dynamic ,Static,,67,1372,4.7%,95.3%,20,1841,1.1%,99%,3.6%,-3.6%
38.88236,-77.22985,38.88236--77.22985,38.8823592,-77.2298516,8818,Dunn Loring,At-Grade Fixed Guideway Station,Fairfax,VA,"231,195",0.45,"1,477,207",1,0,"6,236",1,0.17,42,1,86,72,1,"2,822","2,230","68,012",0.15,9.31,89,0,"485,110","57,363",0.11,5.5,"14,483",0,"4,675","120,599","126,584",0,"15,015","12,919",817,0,0.06,"682,945",0,0,0,0,0,0,0,0,0,0,0,0,0,1,1,0,2,"$529,767",,5200,2654,49.0%,2975,1376,53.7%,Dynamic ,Dynamic,Dynamic,2635,2565,50.7%,49.3%,1331,1323,50.2%,50%,0.5%,-0.5%
38.90861,-77.04334,38.90861--77.04334,38.9086053,-77.0433359,8765,Dupont Circle,Underground Fixed Guideway Station,Washington,DC,"366,380",0.72,0,0,0,"21,267",1,0.11,67,1,125,79,1,"1,850","1,621",0,0.01,0,148,1,0,0,0,0,0,"14,374",0,0,0,0,0,"55,045","1,368",516,0.11,0,0,1,0,1,1,0,1,0,1,0,1,1,1,0,1,0,9,"$501,788",,6106,5907,3.3%,4510,4276,5.2%,Static,Static,Static,3981,2125,65.2%,34.8%,4134,1773,70.0%,30%,-4.8%,4.8%
38.88597,-77.15654,38.88597--77.15654,38.8859662,-77.1565391,8816,East Falls Church,At-Grade Fixed Guideway Station,Falls Church,VA,"95,662",0.19,"139,169",1,0,"8,593",1,0.14,39,1,74,82,1,555,"1,307","76,089",0.22,2.13,116,1,0,"46,814",0.09,5.68,"568,799","203,564","26,104",0,0,0,"8,988","33,353","16,492",0,0.12,"17,843",0,1,1,0,0,1,0,0,1,0,1,0,1,0,0,0,6,"$822,750",,2093,1373,34.4%,892,561,37.1%,Dynamic ,Dynamic,Dynamic,1505,588,71.9%,28.1%,1115,258,81.2%,19%,-9.3%,9.3%
38.88426,-76.99605,38.88426--76.99605,38.8842609,-76.996049,8768,Eastern Market,Underground Fixed Guideway Station,Washington,DC,"249,865",0.49,0,0,0,420,1,0.18,52,1,122,129,0,115,"9,361","52,243",0.14,2.54,73,0,0,"47,905",0.09,7.52,"2,274,035","130,757","180,601",0,0,0,0,"25,324","11,856",0,0.07,"70,167",0,0,1,0,1,1,0,0,0,0,0,0,0,1,1,0,5,"$868,829",,2939,2526,14.1%,1665,1407,15.5%,Dynamic ,Dynamic,Dynamic,2258,681,76.8%,23.2%,2038,488,80.7%,19%,-3.9%,3.9%
38.80038,-77.07109,38.80038--77.07109,38.8003839,-77.0710852,8805,Eisenhower Avenue,Elevated Fixed Guideway Station,Alexandria,VA,"159,737",0.31,"244,748",1,0,"2,002",1,0.21,26,0,56,95,1,0,"7,475","54,818",0.3,4.48,33,0,0,"61,288",0.12,3.4,"64,078","661,121","335,521",0,0,0,"43,732",0,"1,363",0,0.09,0,0,0,0,0,0,1,0,0,0,0,0,0,0,0,1,0,2,"$438,100",,4006,2514,37.2%,2506,1505,39.9%,Dynamic ,Dynamic,Dynamic,2198,1808,54.9%,45.1%,1390,1124,55.3%,45%,-0.4%,0.4%
38.90277,-77.03888,38.90277--77.03888,38.9027742,-77.0388771,8759,Farragut North,Underground Fixed Guideway Station,Washington,DC,"427,354",0.84,0,0,55,892,1,0.16,41,1,79,109,0,0,65,"4,123",0.01,1.6,34,0,"2,224,604","74,055",0.15,3.73,"23,275","6,537","206,756","69,842","126,584",0,"16,083","3,304",0,0,0.04,0,0,0,0,0,0,1,0,0,1,0,1,0,1,1,0,0,5,"$785,700",,234,35,85.0%,143,44,69.2%,Dynamic ,Dynamic,Dynamic,127,107,54.3%,45.7%,35,0,100.0%,0%,-45.7%,45.7%
38.90148,-77.04203,38.90148--77.04203,38.9014776,-77.0420269,8775,Farragut West,Underground Fixed Guideway Station,Washington,DC,"432,046",0.85,0,0,14,"2,028",1,0.18,21,0,39,123,0,"5,440","14,436","22,295",0.57,1.02,20,0,0,"111,456",0.22,1.43,"371,224","21,947","8,443","7,208",0,0,"44,544",0,0,"127,080",0.09,0,0,0,0,0,0,1,0,0,0,0,0,0,0,1,0,0,2,"$785,700",,66,76,-15.2%,14,1,92.9%,Dynamic ,Dynamic,Dynamic,15,51,22.7%,77.3%,21,55,27.6%,72%,-4.9%,4.9%
38.88464,-77.01632,38.88464--77.01632,38.8846354,-77.0163235,8770,Federal Center SW,Underground Fixed Guideway Station,Washington,DC,"256,379",0.5,"160,631",1,0,"2,020",1,0.18,27,0,58,109,0,"1,114","46,122","18,316",0.13,0.38,86,0,0,"47,886",0.09,4.6,"217,104",0,0,0,0,0,"250,974","1,214,693",369,"291,780",2.88,"4,066",0,0,0,0,0,0,0,0,1,0,0,0,0,0,0,0,1,"$558,633",,681,1185,-74.0%,410,777,-89.5%,Dynamic ,Dynamic,Dynamic,223,458,32.7%,67.3%,340,845,28.7%,71%,4.1%,-4.1%
38.89378,-77.02832,38.89378--77.02832,38.8937812,-77.0283229,8773,Federal Triangle,Underground Fixed Guideway Station,Washington,DC,"221,386",0.44,852,1,146,"1,084",1,0.23,25,0,50,140,0,305,"2,848","31,585",0.07,8.14,112,1,0,"23,525",0.05,8.8,"37,306",0,0,0,0,"239,685",0,"42,161","22,875",0,0.6,"26,959",0,0,0,0,0,0,0,0,0,0,0,0,0,0,0,0,0,"$654,200",,16,9,43.8%,2,0,0.0%,Dynamic ,Static,,4,12,25.0%,75.0%,1,8,11.1%,89%,13.9%,-13.9%
38.90117,-77.05052,38.90117--77.05052,38.9011678,-77.0505234,8776,Foggy Bottom-GWU,Underground Fixed Guideway Station,Washington,DC,"380,006",0.75,"8,556",1,27,"5,738",1,0.12,61,1,115,74,1,"3,535","3,218","4,330",0.05,0.35,234,1,0,"26,314",0.05,14.44,"2,741","14,039",0,0,0,0,"9,583","29,057","1,765",83,0.08,"519,857","9,367",0,1,0,1,0,0,0,1,1,0,1,0,1,1,0,7,"$709,763",,8171,6765,17.2%,4983,3827,23.2%,Dynamic ,Dynamic,Dynamic,5006,3165,61.3%,38.7%,5165,1600,76.3%,24%,-15.1%,15.1%
39.01466,-77.04274,39.01466--77.04274,39.0146578,-77.04274,8820,Forest Glen,Underground Fixed Guideway Station,Silver Spring,MD,"97,186",0.19,"363,029",1,0,207,1,0.15,33,1,65,100,1,"3,372","11,010","40,906",0.11,2.57,49,0,0,"16,705",0.03,15.38,0,"2,697","3,849",0,0,0,0,"21,765","22,160",0,0.09,"50,513",0,1,0,0,1,0,0,0,1,0,0,1,1,1,1,0,7,"$589,360",,2441,2348,3.8%,1045,1005,3.8%,Static,Static,Static,1213,1228,49.7%,50.3%,1225,1123,52.2%,48%,-2.5%,2.5%
38.95175,-77.00214,38.95175--77.00214,38.9517523,-77.0021407,8784,Fort Totten,At-Grade Fixed Guideway Station,Washington,DC,"99,480",0.2,0,0,0,59,1,0.27,13,0,26,72,1,"52,975",263,"38,105",0.39,0.53,7,0,"1,034,220","90,845",0.18,1.16,"76,702","293,250",0,"444,075",0,0,"290,543","60,180","17,831","4,015",0.72,0,0,0,0,0,0,0,0,0,0,0,0,0,0,0,0,0,0,"$450,833",,1493,717,52.0%,917,545,40.6%,Dynamic ,Dynamic,Dynamic,311,1182,20.8%,79.2%,117,600,16.3%,84%,4.5%,-4.5%
38.76745,-77.17015,38.76745--77.17015,38.7674454,-77.1701545,8833,Franconia-Springfield,At-Grade Fixed Guideway Station,Springfield,VA,"127,961",0.25,0,0,0,"24,588",1,0.13,11,0,16,109,0,0,"53,158","52,573",0.21,0.99,13,0,0,"166,981",0.33,0.55,"420,204","47,423","47,264",0,0,0,"428,108",0,0,"7,529",0.84,0,0,0,0,0,0,0,0,0,0,0,0,0,0,0,0,0,0,"$483,760",,5812,5589,3.8%,2203,2214,-0.5%,Static,Static,Static,2021,3791,34.8%,65.2%,2219,3370,39.7%,60%,-4.9%,4.9%
38.96093,-77.08607,38.96093--77.08607,38.9609273,-77.0860689,8808,Friendship Heights,Underground Fixed Guideway Station,Washington,DC,"248,544",0.49,0,0,0,862,1,0.19,41,1,93,106,0,"50,423","32,539",196,0.2,0,146,1,0,"81,513",0.16,3.46,"389,044","63,726","370,207",0,0,0,"1,037","133,330","37,726",0,0.34,0,0,0,0,1,0,0,0,0,1,0,1,0,0,1,1,0,5,"$1,013,040",,4276,3671,14.1%,2848,2501,12.2%,Dynamic ,Dynamic,Dynamic,2606,1670,60.9%,39.1%,2436,1235,66.4%,34%,-5.4%,5.4%
38.89952,-77.02129,38.89952--77.02129,38.8995151,-77.0212863,8764,Gallery Place,Underground Fixed Guideway Station,Washington,DC,"390,087",0.77,0,0,26,"4,533",1,0.29,18,0,34,156,0,"24,938","13,183","10,727",0.1,0.28,217,1,"108,967","37,031",0.07,3.83,"2,272,188","45,886","19,213",0,0,0,"15,179","16,867","7,078",26,0.08,"36,961",0,1,1,0,0,0,0,0,1,0,0,1,1,0,0,0,5,"$546,950",,5203,2962,43.1%,3672,2027,44.8%,Dynamic ,Dynamic,Dynamic,3005,2198,57.8%,42.2%,1612,1350,54.4%,46%,3.3%,-3.3%
38.93694,-77.02417,38.93694--77.02417,38.936938,-77.0241737,8836,Georgia Ave-Petworth,Underground Fixed Guideway Station,Washington,DC,"256,910",0.51,0,0,888,"1,544",1,0.14,32,1,60,110,0,354,"3,189","74,131",0.15,16.83,68,0,0,"72,685",0.14,3.42,"2,445,876","142,649","385,853","21,264",0,0,"21,195","16,154",0,0,0.07,0,0,0,0,0,0,0,0,0,0,0,0,0,0,1,1,0,2,"$748,663",,5930,4965,16.3%,2704,2149,20.5%,Dynamic ,Dynamic,Dynamic,2336,3594,39.4%,60.6%,963,4002,19.4%,81%,20.0%,-20.0%
39.06274,-77.05159,39.06274--77.05159,39.0627385,-77.0515892,8834,Glenmont,Underground Fixed Guideway Station,Silver Spring,MD,"82,392",0.16,0,0,0,"3,649",1,0.13,37,1,77,99,1,0,"1,957","53,312",0.92,0.56,195,1,0,"60,070",0.12,4.36,"302,477","287,577",0,0,0,0,"266,103","39,223",0,254,0.6,0,0,1,0,0,1,0,0,0,1,0,0,0,1,1,0,0,5,"$407,567",,3712,3675,1.0%,1410,1537,-9.0%,Static,Static,Static,561,3151,15.1%,84.9%,774,2901,21.1%,79%,-5.9%,5.9%
39.01324,-76.9082,39.01324--76.9082,39.0132422,-76.9082003,8832,Greenbelt,At-Grade Fixed Guideway Station,Greenbelt,MD,"21,007",0.04,"169,082",1,0,0,0,1.00,2,0,2,258,0,0,"7,269",0,0.77,0,178,1,0,"222,752",0.44,0.17,0,0,0,"78,445",0,0,"1,356","38,012",0,0,0.08,0,0,0,0,0,0,0,0,0,0,0,0,0,0,0,0,0,0,"$331,775",,211,108,48.8%,85,36,57.6%,Dynamic ,Dynamic,Dynamic,72,139,34.1%,65.9%,35,73,32.4%,68%,1.7%,-1.7%
38.92014,-77.23345,38.92014--77.23345,38.9201434,-77.233446,8847,Greensboro,At-Grade Fixed Guideway Station,Vienna,VA,"208,637",0.41,0,0,"85,616","4,762",1,0.36,6,0,10,87,1,182,0,"156,735",1.13,863.13,13,0,0,"69,461",0.14,1.06,"456,160",0,0,"430,532","190,037",0,"61,266","20,711","32,828","1,862",0.23,"51,070",0,0,0,0,0,0,0,0,0,0,0,0,0,0,0,0,0,"$799,400",,1005,415,58.7%,721,219,69.6%,Dynamic ,Dynamic,Dynamic,405,600,40.3%,59.7%,195,220,47.0%,53%,-6.7%,6.7%
39.02594,-77.10421,39.02594--77.10421,39.0259415,-77.1042073,8811,Grosvenor-Strathmore,At-Grade Fixed Guideway Station,Bethesda,MD,"109,653",0.22,"419,662",1,0,"24,589",1,0.19,19,0,36,116,0,0,"2,136",0,0.12,0,28,0,0,"82,096",0.16,1.77,0,0,0,0,0,0,"172,426",0,0,0,0.34,0,0,0,0,0,0,0,0,0,0,0,0,0,0,0,1,0,1,"$473,550",,6234,5209,16.4%,3701,3458,6.6%,Dynamic ,Static,,3536,2698,56.7%,43.3%,3540,1669,68.0%,32%,-11.2%,11.2%
38.79387,-77.07529,38.79387--77.07529,38.7938667,-77.07529,8806,Huntington,Elevated Fixed Guideway Station,Huntington,VA,"151,826",0.3,0,0,0,"2,281",1,0.10,57,1,115,98,1,"1,394","4,659",135,0.02,0.02,140,1,0,"21,025",0.04,17.55,0,0,0,0,0,0,0,"82,411",0,29,0.16,"46,688",0,0,0,1,1,1,0,0,0,0,1,0,0,0,0,0,4,"$386,600",,5348,3921,26.7%,2987,2088,30.1%,Dynamic ,Dynamic,Dynamic,2636,2712,49.3%,50.7%,1881,2040,48.0%,52%,1.3%,-1.3%
38.89664,-77.01759,38.89664--77.01759,38.8966431,-77.0175888,8761,Judiciary Square,Underground Fixed Guideway Station,Washington,DC,"369,000",0.73,"5,674",1,8,657,1,0.17,16,0,31,197,0,"43,171",0,"61,578",1.91,0.07,1,0,0,"43,627",0.09,2.55,0,0,0,0,0,0,"29,143","811,497","15,209",0,1.68,"21,491",0,0,0,1,0,0,0,0,0,0,1,0,1,1,0,0,4,"$530,500",,1901,1534,19.3%,1356,1037,23.5%,Dynamic ,Dynamic,Dynamic,1217,684,64.0%,36.0%,897,637,58.5%,42%,5.5%,-5.5%
38.8063,-77.06133,38.8063--77.06133,38.8062987,-77.0613293,8804,King Street-Old Town,At-Grade Fixed Guideway Station,Alexandria,VA,"228,530",0.45,0,0,0,"1,549",1,0.16,24,0,43,66,1,"5,445","55,492","51,155",0.27,0.59,32,0,"1,320,546","43,582",0.09,4.36,"1,915,031","450,585","83,436",0,0,"7,028",0,"23,479",0,0,0.06,0,0,0,0,0,0,1,0,0,0,0,0,0,0,0,0,0,1,"$730,438",,2376,2495,-5.0%,1435,1633,-13.8%,Static,Dynamic,,1630,746,68.6%,31.4%,1867,628,74.8%,25%,-6.2%,6.2%
38.90116,-76.84383,38.90116--76.84383,38.9011586,-76.8438294,8843,Largo Town Center,At-Grade Fixed Guideway Station,Largo,MD,"120,558",0.24,0,0,0,0,0,0.44,10,0,22,63,1,"4,050",0,"113,780",1.38,0.19,49,0,0,"73,433",0.14,1.21,"319,113",0,0,0,0,0,"1,767,471",0,0,"3,148",3.48,0,0,0,0,0,0,0,0,0,0,0,0,0,0,0,0,0,0,"$254,300",,1629,1484,8.9%,1087,864,20.5%,Static,Dynamic,,83,1546,5.1%,94.9%,34,1450,2.3%,98%,2.8%,-2.8%
38.88625,-77.02156,38.88625--77.02156,38.8862494,-77.0215646,8771,L'Enfant Plaza,Underground Fixed Guideway Station,Washington,DC,"237,661",0.47,"4,458",1,0,851,1,0.29,14,0,27,159,0,0,"31,833","154,029",1.24,2.73,16,0,0,"69,605",0.14,1.58,0,0,0,0,0,0,"1,001,331",0,"7,707","4,914",1.98,0,0,0,0,0,0,0,0,0,0,0,0,0,0,1,0,0,1,$0,,100,20,80.0%,2,0,0.0%,Dynamic ,Static,,2,27,6.9%,93.1%,18,2,90.0%,10%,-83.1%,83.1%
38.92437,-77.21047,38.92437--77.21047,38.9243651,-77.2104708,8845,McLean,Elevated Fixed Guideway Station,Mclean,VA,"167,213",0.33,"306,619",1,0,"2,674",1,0.16,16,0,29,110,0,"4,646","125,667","49,582",0.35,0.38,97,0,"5,171","121,406",0.24,0.94,"1,052,708","578,801",0,0,0,0,"27,196","82,466","4,057","3,920",0.22,"83,933",0,0,0,0,0,0,0,0,0,0,0,0,0,0,0,0,0,"$363,767",,2939,1888,35.8%,1821,1101,39.5%,Dynamic ,Dynamic,Dynamic,1350,1589,45.9%,54.1%,937,951,49.6%,50%,-3.7%,3.7%
38.90101,-77.03238,38.90101--77.03238,38.9010128,-77.0323833,8774,McPherson Square,Underground Fixed Guideway Station,Washington,DC,"398,584",0.78,0,0,41,"2,350",1,0.20,32,1,68,112,0,"1,403","4,643","5,797",0.02,0.9,115,1,0,"16,736",0.03,14.93,"18,012",0,"6,980",0,0,0,0,"69,802",0,0,0.14,0,0,1,1,0,0,1,0,0,1,0,1,0,0,1,1,0,7,"$520,450",,862,942,-9.3%,457,761,-66.5%,Static,Dynamic,,422,440,49.0%,51.0%,618,324,65.6%,34%,-16.6%,16.6%
38.99965,-77.09705,38.99965--77.09705,38.9996547,-77.0970543,8810,Medical Center,Underground Fixed Guideway Station,Bethesda,MD,"193,223",0.38,0,0,0,"1,371",1,0.33,8,0,13,133,0,209,"19,361","58,595",0.17,2.24,33,0,0,"26,733",0.05,2.73,"549,956",0,0,0,0,0,"74,676","106,209","5,181",0,0.37,0,0,0,0,0,0,0,0,0,0,0,0,0,0,0,0,0,0,"$930,200",,357,179,49.9%,52,33,36.5%,Dynamic ,Dynamic,Dynamic,175,182,49.0%,51.0%,116,63,64.8%,35%,-15.8%,15.8%
38.89784,-77.02894,38.89784--77.02894,38.8978425,-77.0289445,8760,Metro Center,Underground Fixed Guideway Station,Washington,DC,"461,252",0.91,0,0,0,"2,340",1,0.22,41,1,95,99,1,"20,079","1,397","57,665",0.17,2.15,50,0,0,"36,356",0.07,8.59,"1,551",0,"19,359",0,0,0,0,"38,380","26,515",0,0.13,"41,690",0,1,1,0,1,1,0,0,1,0,1,0,1,1,1,0,9,"$565,033",,799,609,23.8%,451,467,-3.5%,Dynamic ,Static,,408,391,51.1%,48.9%,446,163,73.2%,27%,-22.2%,22.2%
38.89538,-76.9493,38.89538--76.9493,38.8953757,-76.9492959,8787,Minnesota Avenue,At-Grade Fixed Guideway Station,Washington,DC,"110,070",0.22,"32,538",1,0,"18,553",1,0.25,21,0,49,112,0,"6,607","18,187",378,0.07,0.01,68,0,0,"71,818",0.14,2.27,"569,628",0,"376,543",0,0,0,"27,285","79,666",174,"3,980",0.21,0,0,0,0,0,0,0,0,0,0,0,0,0,0,1,0,0,1,"$349,933",,1769,948,46.4%,947,505,46.7%,Dynamic ,Dynamic,Dynamic,31,1738,1.8%,98.2%,7,941,0.7%,99%,1.0%,-1.0%
38.89429,-76.86698,38.89429--76.86698,38.8942855,-76.8669753,8842,Morgan Blvd,At-Grade Fixed Guideway Station,Landover,MD,"99,541",0.2,0,0,0,0,0,0.19,29,0,57,107,0,"3,650",27,"252,048",3.42,25.43,80,0,0,"41,813",0.08,5.53,"511,945","138,429",0,"112,561",0,0,"12,377","3,395","5,421",0,0.04,0,0,0,0,0,0,0,0,0,0,0,0,0,1,1,0,0,2,"$323,400",,3552,2550,28.2%,1630,1533,6.0%,Dynamic ,Static,,101,3451,2.8%,97.2%,73,2477,2.9%,97%,0.0%,0.0%
38.90357,-77.02243,38.90357--77.02243,38.9035681,-77.0224335,8822,Mt. Vernon Square,Underground Fixed Guideway Station,Washington,DC,"356,210",0.7,0,0,891,"4,869",1,0.26,13,0,28,107,0,"15,545","124,361","208,365",0.75,1.49,13,0,"1,365,020","170,709",0.34,0.61,0,0,0,0,"238,277",0,0,0,0,0,0,0,0,0,0,0,0,0,0,0,0,0,0,0,0,0,0,0,0,"$637,422",,6542,4803,26.6%,4158,3141,24.5%,Dynamic ,Dynamic,Dynamic,3416,3126,52.2%,47.8%,1921,2882,40.0%,60%,12.2%,-12.2%
38.87707,-77.00314,38.87707--77.00314,38.8770704,-77.0031368,8827,Navy Yard-Ballpark,Underground Fixed Guideway Station,Washington,DC,"319,402",0.63,465,1,0,778,1,0.22,43,1,114,116,0,74,"1,182","14,588",0.03,7.17,174,1,"47,948","24,784",0.05,12.89,0,"456,258",0,"78,453",0,0,0,"92,650","24,165",0,0.23,0,0,1,0,0,0,0,0,0,1,0,0,0,0,1,1,0,4,"$683,825",,8738,2557,70.7%,6693,2122,68.3%,Dynamic ,Dynamic,Dynamic,5879,2859,67.3%,32.7%,1516,1041,59.3%,41%,8.0%,-8.0%
38.85013,-76.95674,38.85013--76.95674,38.8501262,-76.9567446,8839,Naylor Road,Elevated Fixed Guideway Station,Temple Hills,MD,"63,178",0.12,0,0,"19,855","538,401",1,0.13,33,1,57,69,1,382,"9,000","1,658",0.34,0.15,130,1,"2,029","35,814",0.07,7.16,0,0,0,0,0,0,0,"6,748",0,"2,077",0.01,0,0,0,0,1,1,1,0,0,0,0,0,1,0,0,0,0,4,"$257,433",,3855,2701,29.9%,2107,1495,29.0%,Dynamic ,Dynamic,Dynamic,84,3771,2.2%,97.8%,72,2629,2.7%,97%,-0.5%,0.5%
38.94792,-76.87198,38.94792--76.87198,38.9479181,-76.8719835,8791,New Carrollton,At-Grade Fixed Guideway Station,New Carrollton,MD,"104,332",0.21,"34,639",1,0,0,0,0.43,8,0,17,95,1,"5,274","42,605","351,496",0.79,6.82,22,0,0,"99,737",0.2,0.83,"2,152,505",0,"123,915",0,"146,604",0,"52,600",0,0,"1,369",0.1,0,0,0,0,0,0,0,0,0,1,0,0,0,0,1,0,0,2,"$273,450",,776,535,31.1%,384,176,54.2%,Dynamic ,Dynamic,Dynamic,111,665,14.3%,85.7%,50,485,9.3%,91%,5.0%,-5.0%
38.90858,-77.00289,38.90858--77.00289,38.9085849,-77.0028855,8844,NoMa-Galludet U,Elevated Fixed Guideway Station,Washington,DC,"315,301",0.62,0,0,835,"2,250",1,0.20,22,0,43,108,0,0,"16,616","121,480",0.28,5.95,23,0,0,"33,453",0.07,5.24,"548,691",0,"81,331",0,0,0,"216,594",0,"148,350",0,0.72,0,0,0,1,0,0,0,0,0,1,0,1,0,0,1,0,0,4,"$605,150",,4619,221,95.2%,3760,112,97.0%,Dynamic ,Dynamic,Dynamic,2252,2367,48.8%,51.2%,60,161,27.1%,73%,21.6%,-21.6%
38.86914,-77.05451,38.86914--77.05451,38.8691393,-77.0545125,8779,Pentagon,Underground Fixed Guideway Station,Arlington,VA,"37,236",0.07,"382,628",1,0,0,0,#REF!,#REF!,0,#REF!,#REF!,N/A,0,0,"48,796",0.43,0,5,0,"19,633,081","185,102",0.36,0.11,"720,321",0,0,0,"348,606",0,"2,357,958","71,006","15,589","3,106",4.81,"44,918",0,0,0,0,0,0,0,0,0,0,0,0,0,0,0,0,0,$0,,2,0,0.0%,1,0,0.0%,N/A,Static,,0,2,0.0%,0.0%,0,0,0.0%,0%,0.0%,0.0%
38.8627,-77.05992,38.8627--77.05992,38.8626951,-77.059917,8780,Pentagon City,Underground Fixed Guideway Station,Arlington,VA,"282,216",0.55,"16,703",1,0,0,0,0.24,18,0,27,140,0,667,"6,426","49,249",0.13,3.12,69,0,0,"24,624",0.05,5.85,"729,549",0,"45,152",0,0,"3,578","8,883","116,819","15,720",0,0.29,"161,130",0,0,1,0,0,0,0,0,1,0,0,0,1,1,0,0,4,"$614,700",,6610,3718,43.8%,4445,2842,36.1%,Dynamic ,Dynamic,Dynamic,3301,3309,49.9%,50.1%,2364,1354,63.6%,36%,-13.6%,13.6%
38.88106,-76.98517,38.88106--76.98517,38.8810604,-76.9851652,8767,Potomac Avenue,Underground Fixed Guideway Station,Washington,DC,"206,964",0.41,0,0,0,726,1,0.16,49,1,110,119,0,"2,067","3,481",0,0.01,0,150,1,0,"3,115",0.01,107.43,0,0,0,0,0,0,0,"97,610",344,"1,767",0.19,"2,765",0,0,0,1,1,1,0,0,0,0,0,0,0,0,1,0,4,"$720,200",,4715,3988,15.4%,2971,1961,34.0%,Dynamic ,Dynamic,Dynamic,2439,2276,51.7%,48.3%,1669,2319,41.9%,58%,9.9%,-9.9%
38.96617,-76.95658,38.96617--76.95658,38.9661738,-76.9565782,8830,Prince Georges Plaza,At-Grade Fixed Guideway Station,Hyattsville,MD,"249,872",0.49,0,0,0,"2,159",1,0.12,24,0,44,111,0,0,"1,417","161,699",0.54,1.46,36,0,"962,240","125,431",0.25,1.52,"95,958","3,227","155,660",0,0,0,0,0,0,0,0,0,0,0,0,0,0,0,0,0,1,0,0,0,0,1,0,0,2,"$268,800",,2870,1418,50.6%,1682,543,67.7%,Dynamic ,Dynamic,Dynamic,461,2409,16.1%,83.9%,369,1049,26.0%,74%,-10.0%,10.0%
38.92007,-76.99629,38.92007--76.99629,38.9200658,-76.9962909,8763,Rhode Island Avenue,Elevated Fixed Guideway Station,Washington,DC,"276,077",0.54,0,0,0,"2,507",1,0.25,17,0,30,112,0,"9,136",868,"61,794",5.52,6.18,3,0,0,"171,080",0.34,0.8,"198,018","1,490,467",0,0,0,0,"21,239",0,0,0,0.04,0,0,0,0,0,0,0,0,0,1,0,0,1,0,0,0,0,2,"$566,300",,3468,1486,57.2%,1808,789,56.4%,Dynamic ,Dynamic,Dynamic,472,2996,13.6%,86.4%,52,1434,3.5%,97%,10.1%,-10.1%
39.08436,-77.14631,39.08436--77.14631,39.0843639,-77.1463143,8814,Rockville,At-Grade Fixed Guideway Station,Rockville,MD,"189,834",0.37,0,0,0,"26,190",1,0.10,52,1,99,90,1,"1,002","5,794",604,0.02,0.07,182,1,"301,375","71,913",0.14,4.96,0,"14,563","6,066",0,0,0,0,"74,040","9,703",0,0.16,"62,853",0,0,0,1,0,0,0,0,1,0,1,0,0,0,1,0,4,"$341,375",,2244,1984,11.6%,1278,1227,4.0%,Dynamic ,Static,,1081,1163,48.2%,51.8%,1162,822,58.6%,41%,-10.4%,10.4%
38.84967,-77.04345,38.84967--77.04345,38.8496676,-77.0434549,8782,Ronald Reagan Washington Nation Airport,Elevated Fixed Guideway Station,Arlington,VA,"145,647",0.29,"39,222",1,0,"21,006",1,0.08,30,1,48,70,1,243,"15,750","20,889",0.08,1.31,134,1,"751,820","48,135",0.09,4.74,"697,254","309,889","54,093","8,610",0,0,"162,170","11,165",0,36,0.34,0,0,0,0,0,1,1,0,0,1,0,0,0,0,1,0,0,4,$0,,0,0,0.0%,0,0,0.0%,Static,Static,Static,0,0,0.0%,0.0%,0,0,0.0%,0%,0.0%,0.0%
38.89685,-77.07194,38.89685--77.07194,38.8968547,-77.0719379,8777,Rosslyn,Underground Fixed Guideway Station,Arlington,VA,"261,813",0.51,"315,967",1,0,"94,097",1,0.10,52,1,95,89,1,61,638,183,0.01,0.03,141,1,0,"38,188",0.08,9.33,"19,491","22,267",0,0,0,0,0,"14,137",561,0,0.03,0,0,0,1,1,1,0,0,0,1,0,0,1,0,1,1,0,7,"$728,240",,3969,4543,-14.5%,2566,3253,-26.8%,Dynamic ,Dynamic,Dynamic,2442,1527,61.5%,38.5%,2794,1749,61.5%,38%,0.0%,0.0%
39.12012,-77.1666,39.12012--77.1666,39.1201189,-77.1665978,8815,Shady Grove,At-Grade Fixed Guideway Station,Rockville,MD,"106,415",0.21,0,0,0,"5,712",1,1.00,2,0,2,491,0,"27,377",0,"196,220",0.47,4.62,75,0,0,"73,350",0.14,0.77,"314,275","77,152","156,958",0,0,0,"104,089",0,"8,388","128,606",0.22,0,0,0,0,0,0,0,0,0,0,0,0,0,0,0,0,0,0,"$456,700",,1151,0,0.0%,747,0,0.0%,N/A,Static,,414,737,36.0%,64.0%,0,0,0.0%,0%,36.0%,0
38.9128,-77.02265,38.9128--77.02265,38.912804,-77.0226529,8823,Shaw-Howard U,Underground Fixed Guideway Station,Washington,DC,"271,406",0.53,0,0,"1,539","1,768",1,0.22,19,0,42,110,0,644,0,"126,693",0.25,43.32,15,0,0,"105,989",0.21,1.43,"1,571,721","65,353",0,"166,920",0,0,"43,139","80,853","1,298",734,0.25,0,0,0,0,0,0,0,0,0,0,0,0,0,0,0,0,0,0,"$908,171",,5068,3683,27.3%,2820,1901,32.6%,Dynamic ,Dynamic,Dynamic,2358,2710,46.5%,53.5%,1171,2512,31.8%,68%,14.7%,-14.7%
38.99394,-77.03149,38.99394--77.03149,38.9939381,-77.0314906,8786,Silver Spring,At-Grade Fixed Guideway Station,Silver Spring,MD,"260,386",0.51,0,0,"3,283","10,475",1,0.17,13,0,22,147,0,"52,831",0,"140,967",0.38,2.67,11,0,0,"39,541",0.08,2.52,"1,419,005",0,0,0,0,0,"616,505",0,0,"8,413",1.21,0,0,0,0,0,0,0,0,0,0,0,0,0,0,0,0,0,0,"$506,133",,7450,5297,28.9%,4998,3545,29.1%,Dynamic ,Dynamic,Dynamic,2784,4666,37.4%,62.6%,2220,3077,41.9%,58%,-4.5%,4.5%
38.88756,-77.02848,38.88756--77.02848,38.88756,-77.02848,8772,Smithsonian,Underground Fixed Guideway Station,Washington,DC,"204,478",0.4,"10,727",1,952,"2,069",1,0.29,11,0,20,119,0,106,"3,445","208,057",1.13,55.36,77,0,0,"41,801",0.08,2.32,"9,860,931",0,0,0,0,0,"5,370",0,"1,836",0,0.01,"14,604","1,430",0,0,0,0,0,0,0,0,0,1,0,0,0,0,0,1,"$680,600",,214,0,0.0%,406,0,0.0%,N/A,Static,,134,80,62.6%,37.4%,0,0,0.0%,0%,62.6%,0.0%
38.84078,-76.97544,38.84078--76.97544,38.8407757,-76.9754449,8838,Southern Avenue,At-Grade Fixed Guideway Station,Washington,DC,"137,983",0.27,0,0,0,0,0,0.24,17,0,30,146,0,0,0,"550,870",1.13,22.4,29,0,"6,809,347","57,920",0.11,2.21,"285,796","101,432","206,056",0,0,0,"913,297",0,0,"1,175",1.8,0,0,0,0,0,0,0,0,0,0,0,0,0,0,0,0,0,0,"$265,500",,2382,2386,-0.2%,834,918,-10.1%,Static,Static,Static,24,2358,1.0%,99.0%,46,2340,1.9%,98%,-0.9%,0.9%
38.92924,-77.24197,38.92924--77.24197,38.9292409,-77.2419747,8848,Spring Hill,At-Grade Fixed Guideway Station,Vienna,VA,"219,476",0.43,"13,723",1,"3,938",0,0,0.78,3,0,4,309,0,"11,616","13,930","88,728",1.32,0.16,13,0,0,"114,705",0.23,0.55,"207,898",0,0,0,0,0,"372,103","169,256","1,447",0,1.07,0,0,0,0,1,0,0,0,0,0,0,0,0,0,0,0,0,1,"$1,179,300",,1534,456,70.3%,994,215,78.4%,Dynamic ,Dynamic,Dynamic,744,790,48.5%,51.5%,263,193,57.7%,42%,-9.2%,9.2%
38.88593,-76.97717,38.88593--76.97717,38.8859262,-76.9771662,8766,Stadium Amory,Underground Fixed Guideway Station,Washington,DC,"172,099",0.34,0,0,0,891,1,0.15,29,0,66,110,0,634,"4,732",845,0.02,0.13,108,1,0,"8,771",0.02,25.24,0,0,0,0,0,0,0,"642,062",0,"2,180",1.26,0,0,0,0,1,1,1,0,0,1,0,0,0,0,0,1,0,5,"$776,860",,4440,5619,-26.6%,974,896,8.0%,Dynamic ,Static,,1376,3064,31.0%,69.0%,642,4977,11.4%,89%,19.6%,-19.6%
38.84376,-76.93187,38.84376--76.93187,38.843755,-76.9318739,8840,Suitland,At-Grade Fixed Guideway Station,Suitland,MD,"88,925",0.17,0,0,0,"581,603",1,0.12,40,1,66,116,0,199,"6,745","8,275",0.04,0.95,119,1,0,"26,390",0.05,10.28,0,0,0,0,0,0,0,"50,855","15,442",0,0.13,"74,580",0,1,1,0,1,0,1,0,0,0,0,0,0,0,1,0,5,"$260,250",,3292,1998,39.3%,1539,925,39.9%,Dynamic ,Dynamic,Dynamic,97,3195,2.9%,97.1%,75,1923,3.8%,96%,-0.8%,0.8%
38.97619,-77.01822,38.97619--77.01822,38.9761867,-77.0182187,8785,Takoma,At-Grade Fixed Guideway Station,Washington,DC,"141,990",0.28,0,0,0,0,0,0.21,27,0,56,103,0,0,"94,764","27,846",0.4,0.16,58,0,0,"145,733",0.29,1.55,"6,648,199","31,532","624,825",0,0,0,"15,001","6,646",0,0,0.04,0,0,0,0,0,1,0,0,0,0,0,0,0,0,1,1,0,3,"$713,914",,2343,1762,24.8%,1239,913,26.3%,Dynamic ,Dynamic,Dynamic,1136,1207,48.5%,51.5%,985,777,55.9%,44%,-7.4%,7.4%
38.9482,-77.07943,38.9482--77.07943,38.9481993,-77.0794253,8807,Tenlytown-AU,Underground Fixed Guideway Station,Washington,DC,"143,952",0.28,0,0,0,"8,679",1,0.18,68,1,176,93,1,637,"3,398",0,0.01,0,284,1,0,"13,521",0.03,31.95,0,"12,131","10,991",0,0,0,0,"15,695",0,0,0.03,"506,613",0,0,1,1,0,0,1,0,1,0,0,0,1,0,1,0,6,"$1,067,100",,1863,1788,4.0%,942,739,21.5%,Static,Dynamic,,1266,597,68.0%,32.0%,1332,456,74.5%,26%,-6.5%,6.5%
39.06296,-77.12208,39.06296--77.12208,39.0629605,-77.1220811,8813,Twinbrook,At-Grade Fixed Guideway Station,Rockville,MD,"190,178",0.37,0,0,0,"109,439",1,0.29,12,0,26,107,0,0,0,"114,438",0.23,1942.59,45,0,"1,724,640","41,468",0.08,2.4,0,0,0,"37,239",0,0,"126,878","310,293",714,0,0.86,0,0,0,0,0,0,0,0,0,1,0,0,0,0,0,0,0,1,"$480,500",,3698,1529,58.7%,2104,1196,43.2%,Dynamic ,Dynamic,Dynamic,1371,2327,37.1%,62.9%,691,838,45.2%,55%,-8.1%,8.1%
38.91806,-77.22195,38.91806--77.22195,38.9180643,-77.2219496,8846,Tyson Corner,Elevated Fixed Guideway Station,Mclean,VA,"345,065",0.68,"56,869",1,0,"25,065",1,0.11,18,0,31,97,1,"21,048",0,"72,862",0.18,3.46,14,0,0,"158,822",0.31,0.87,"599,525",0,0,0,0,0,"695,243","763,542","1,123","3,637",2.87,0,0,0,0,0,0,0,0,0,0,0,0,0,0,0,0,0,0,"$607,500",,533,0,0.0%,421,0,0.0%,N/A,Static,,271,262,50.8%,49.2%,0,0,0.0%,0%,50.8%,0
38.91684,-77.02911,38.91684--77.02911,38.916843,-77.029114,8824,U Street,Underground Fixed Guideway Station,Washington,DC,"313,864",0.62,0,0,0,53,1,0.20,18,0,44,153,0,0,"95,200","147,419",3.22,1.44,81,0,0,"108,975",0.21,1.24,"938,151",0,0,0,0,0,"74,835","122,760",59,"19,770",0.39,0,0,0,0,0,0,0,0,0,0,0,0,0,0,0,0,0,0,"$798,011",,7415,5340,28.0%,4641,3068,33.9%,Dynamic ,Dynamic,Dynamic,4436,2979,59.8%,40.2%,2852,2488,53.4%,47%,6.4%,-6.4%
38.89893,-77.00718,38.89893--77.00718,38.8989309,-77.0071755,8762,Union Station,Underground Fixed Guideway Station,Washington,DC,"356,430",0.7,0,0,0,"2,350",1,0.19,25,0,45,80,1,536,"26,082",231,0.08,0.01,122,1,"1,029","13,074",0.03,15.64,0,0,0,0,0,0,0,"645,547",0,44,1.27,0,0,0,0,1,0,0,0,0,0,0,0,0,0,0,0,0,1,$0,,682,779,-14.2%,461,296,35.8%,Dynamic ,Dynamic,Dynamic,281,401,41.2%,58.8%,126,653,16.2%,84%,25.0%,-25.0%
38.80041,-77.12838,38.80041--77.12838,38.8004127,-77.1283825,8825,Van Dorn Street,At-Grade Fixed Guideway Station,Alexandria,VA,"105,110",0.21,"86,237",1,0,"18,698",1,0.42,8,0,14,49,1,"20,926",0,"205,868",0.46,7.75,7,0,0,"29,051",0.06,2.84,"1,088,642",0,"56,388",0,0,0,"1,302,923",0,0,0,2.56,"60,293",0,0,0,0,0,0,0,0,0,0,0,0,0,0,0,0,0,"$465,750",,1276,1282,-0.5%,783,788,-0.6%,Static,Static,Static,566,710,44.4%,55.6%,700,582,54.6%,45%,-10.2%,10.2%
38.9445,-77.06404,38.9445--77.06404,38.944499,-77.0640369,8801,Van Ness-UDC,Underground Fixed Guideway Station,Washington,DC,"201,139",0.4,0,0,0,472,1,0.20,30,1,65,114,0,"26,759",0,"175,703",0.42,4.73,79,0,0,"46,122",0.09,5.15,"581,565","225,240","45,877","4,598",0,"1,365",0,"112,341","35,605",0,0.29,"46,584",0,0,1,1,0,0,0,0,0,0,1,1,1,1,0,0,6,"$1,133,275",,3459,2994,13.4%,2423,2137,11.8%,Dynamic ,Dynamic,Dynamic,2215,1244,64.0%,36.0%,2096,898,70.0%,30%,-6.0%,6.0%
38.87711,-77.27124,38.87711--77.27124,38.8771131,-77.2712355,8819,Vienna,At-Grade Fixed Guideway Station,Forest Glen,MD,"135,346",0.27,"1,386,769",1,0,"7,147",1,0.32,18,0,46,77,1,"33,567","2,357","60,686",0.23,1.12,37,0,0,"61,383",0.12,2.43,0,"4,588",0,0,0,0,"265,544","249,392","1,546",0,1.02,"29,802",0,0,0,0,0,0,0,0,0,0,0,1,1,0,0,0,2,"$562,500",,2476,2923,-18.1%,1273,1420,-11.5%,Dynamic ,Dynamic,Dynamic,1095,1381,44.2%,55.8%,1512,1411,51.7%,48%,-7.5%,7.5%
38.88281,-77.10352,38.88281--77.10352,38.882807,-77.103523,8794,Virginia Sq-GMU,Underground Fixed Guideway Station,Arlington,VA,"237,403",0.47,0,0,0,"10,398",1,0.18,61,1,164,97,1,"1,124","3,938",139,0.02,0.01,139,1,0,"26,123",0.05,14.93,0,"2,848",0,0,0,0,0,"21,355",0,0,0.04,0,0,0,1,1,1,1,0,0,1,0,0,1,0,0,1,0,7,"$657,183",,6125,4598,24.9%,3693,2930,20.7%,Dynamic ,Dynamic,Dynamic,4228,1897,69.0%,31.0%,3413,1185,74.2%,26%,-5.2%,5.2%
38.87697,-77.01756,38.87697--77.01756,38.876971,-77.0175593,8826,Waterfront,Underground Fixed Guideway Station,Washington,DC,"243,833",0.48,0,0,0,"6,347",1,0.19,30,1,68,112,0,347,"49,207","47,734",0.19,0.93,113,1,"238,432","26,961",0.05,8.48,"1,890,004","39,935","144,070",0,0,0,"9,663","285,492","1,285",910,0.58,0,0,0,1,0,1,0,0,0,1,0,0,0,0,1,0,0,4,"$472,263",,8804,5931,32.6%,6406,4532,29.3%,Dynamic ,Dynamic,Dynamic,4559,4245,51.8%,48.2%,2486,3445,41.9%,58%,9.9%,-9.9%
38.90081,-77.18929,38.90081--77.18929,38.9008117,-77.1892901,8817,West Falls Church,At-Grade Fixed Guideway Station,Vienna,VA,"73,660",0.14,"420,272",1,0,0,0,0.34,13,0,31,79,1,"76,620","255,430","5,512",0.68,0.02,17,0,"1,881,017","174,359",0.34,0.61,"458,192","34,352","55,224","324,467","275,761",0,"30,696","1,206",0,"3,445",0.06,0,0,0,0,0,0,0,0,0,0,0,0,0,0,0,0,0,0,"$929,350",,836,678,18.9%,400,354,11.5%,Dynamic ,Dynamic,Dynamic,438,398,52.4%,47.6%,464,214,68.4%,32%,-16.0%,16.0%
38.95527,-76.9695,38.95527--76.9695,38.955273,-76.969497,8829,West Hyattsville,At-Grade Fixed Guideway Station,Hyattsville,MD,"56,628",0.11,0,0,0,"15,095",1,0.16,25,0,55,106,0,"1,157",0,"173,400",0.34,106.48,28,0,0,"34,919",0.07,5.76,0,0,0,0,0,0,"61,009","165,542","16,866","13,323",0.48,"258,677",0,0,1,0,0,0,0,0,1,0,0,0,0,1,0,0,3,"$345,850",,1232,1099,10.8%,451,451,0.0%,Dynamic ,Static,,35,1197,2.8%,97.2%,44,1055,4.0%,96%,-1.2%,1.2%
39.04097,-77.05153,39.04097--77.05153,39.0409697,-77.0515302,8821,Wheaton,Underground Fixed Guideway Station,Silver Spring,MD,"226,249",0.44,0,0,0,"82,959",1,0.18,16,0,23,89,1,768,"121,908","64,706",0.37,0.53,61,0,0,"122,395",0.24,0.98,"61,759",0,"243,981",0,0,0,"108,683","1,797",0,"1,209",0.22,0,"168,807",0,0,0,0,1,0,0,1,1,0,0,0,0,0,0,3,"$451,283",,3878,2478,36.1%,1990,1003,49.6%,Dynamic ,Dynamic,Dynamic,649,3229,16.7%,83.3%,405,2073,16.3%,84%,0.4%,-0.4%
39.04757,-77.11265,39.04757--77.11265,39.0475686,-77.1126498,8812,White Flint,At-Grade Fixed Guideway Station,Rockville,MD,"162,941",0.32,0,0,0,"9,047",1,0.15,14,0,23,93,1,"2,380",0,"466,724",0.92,196.12,4,0,0,"29,447",0.06,3.75,"993,468",0,"60,427",0,0,"127,169","110,384",0,663,0,0.47,"1,191",0,0,0,0,0,0,0,0,0,0,0,0,0,0,0,0,0,"$516,750",,4037,3351,17.0%,2555,2235,12.5%,Dynamic ,Dynamic,Dynamic,1952,2085,48.4%,51.6%,1881,1470,56.1%,44%,-7.8%,7.8%
38.94773,-77.33994,38.94773--77.33994,38.9477266,-77.3399353,8849,Wiehle-Reston East,At-Grade Fixed Guideway Station,Reston,VA,"136,075",0.27,"2,733,656",1,0,0,0,0.23,15,0,25,122,0,"2,769",0,"29,991",0.16,1.41,20,0,"1,575,601","37,605",0.07,2.93,0,"9,965","62,120",0,0,0,"18,938","257,423","9,180",0,0.56,0,0,0,1,0,1,0,0,0,0,0,1,0,1,1,1,0,6,"$781,533",,3439,1747,49.2%,2127,890,58.2%,Dynamic ,Dynamic,Dynamic,2281,1158,66.3%,33.7%,1391,356,79.6%,20%,-13.3%,13.3%
38.92593,-77.05343,38.92593--77.05343,38.9259297,-77.0534331,8799,Woodley Park-Zoo/Adams Morgan,Underground Fixed Guideway Station,Washington,DC,"220,485",0.43,0,0,0,"1,148",1,0.23,26,0,64,127,0,"1,850","59,624","24,471",0.2,0.4,10,0,0,"101,990",0.2,2.15,"55,377","1,037,321","40,811","303,741",0,0,0,0,0,0,0,0,0,0,0,0,0,0,0,0,0,0,0,0,0,1,0,0,1,"$1,004,033",,5753,5184,9.9%,3676,3277,10.9%,Static,Dynamic,,4071,1682,70.8%,29.2%,4089,1095,78.9%,21%,-8.1%,8.1%
